,PlayerID,ID,GameID,PlateAppID,HomeAway,BatterName,BatterHole,CountBalls,CountStrikes,pitchBalls,pitchFouls,pitchKSwing,pitchKLook,pitchBIPs,Pitches,BIP,H,Bases,Singles,Doubles,Triples,HR,HitLocation,HitQuality,HitType,INFH,FO,FOLocation,FOQuality,FOType,DP,DPType,Reach,RBOE,FC,SAC,SF,BB,IBB,UBB,SO,KSwing,KLook,UCTS,SOReach,HBP,TrueOutcome
357,Br_Smith0_FLOR_09,423,ABAM_FLOR_0330201901,ABAM_FLOR_0330201901_PA06HOME01,home,Smith,9,1,0,-1,-1,-1,-1,-1,-1,1,0,0,0,0,0,0,NA,NA,NA,0,1,to cf,medium,fly ball,0,NA,FALSE,0,0,0,0,0,0,0,0,0,0,0,0,0,0
358,Dy_Smith0_ABAM_25,423,ABAM_FLOR_0330201901,ABAM_FLOR_0330201901_PA06HOME01,home,Smith,9,1,0,-1,-1,-1,-1,-1,-1,1,0,0,0,0,0,0,NA,NA,NA,0,1,to cf,medium,fly ball,0,NA,FALSE,0,0,0,0,0,0,0,0,0,0,0,0,0,0
384,Za_Rogers_ABAM_27,658,ABAM_GEOR_0518201901,ABAM_GEOR_0518201901_PA06HOME01,home,Rogers,9,2,2,-1,-1,-1,-1,-1,-1,1,1,1,1,0,0,0,left field,hard,fly ball,0,0,NA,NA,NA,0,NA,FALSE,0,0,0,0,0,0,0,0,0,0,0,0,0,0
385,Ch_Rogers_GEOR_20,658,ABAM_GEOR_0518201901,ABAM_GEOR_0518201901_PA06HOME01,home,Rogers,9,2,2,-1,-1,-1,-1,-1,-1,1,1,1,1,0,0,0,left field,hard,fly ball,0,0,NA,NA,NA,0,NA,FALSE,0,0,0,0,0,0,0,0,0,0,0,0,0,0
1239,Ko_Morris_ABAM_50,1382,ARKS_ABAM_0323201901,ARKS_ABAM_0323201901_PA04HOME05,home,Morris,9,0,0,-1,-1,-1,-1,-1,-1,1,1,1,1,0,0,0,right field,hard,fly ball,0,0,NA,NA,NA,0,NA,FALSE,0,0,0,0,0,0,0,0,0,0,0,0,0,0
1240,Tr_Morris_MIZZ_05,1382,ARKS_ABAM_0323201901,ARKS_ABAM_0323201901_PA04HOME05,home,Morris,9,0,0,-1,-1,-1,-1,-1,-1,1,1,1,1,0,0,0,right field,hard,fly ball,0,0,NA,NA,NA,0,NA,FALSE,0,0,0,0,0,0,0,0,0,0,0,0,0,0
1649,Hu_Watson_TXAM_04,1863,ARKS_TXAM_0516201901,ARKS_TXAM_0516201901_PA14HOME02,home,Watson,6,1,0,-1,-1,-1,-1,-1,-1,1,0,0,0,0,0,0,NA,NA,NA,0,1,to p,soft,ground ball,0,NA,FALSE,0,0,0,0,0,0,0,0,0,0,0,0,0,0
1650,Za_Watson_LSTU_09,1863,ARKS_TXAM_0516201901,ARKS_TXAM_0516201901_PA14HOME02,home,Watson,6,1,0,-1,-1,-1,-1,-1,-1,1,0,0,0,0,0,0,NA,NA,NA,0,1,to p,soft,ground ball,0,NA,FALSE,0,0,0,0,0,0,0,0,0,0,0,0,0,0
1651,Ky_Watson_OMSS_09,1863,ARKS_TXAM_0516201901,ARKS_TXAM_0516201901_PA14HOME02,home,Watson,6,1,0,-1,-1,-1,-1,-1,-1,1,0,0,0,0,0,0,NA,NA,NA,0,1,to p,soft,ground ball,0,NA,FALSE,0,0,0,0,0,0,0,0,0,0,0,0,0,0
1652,Ry_Watson_AUBN_37,1863,ARKS_TXAM_0516201901,ARKS_TXAM_0516201901_PA14HOME02,home,Watson,6,1,0,-1,-1,-1,-1,-1,-1,1,0,0,0,0,0,0,NA,NA,NA,0,1,to p,soft,ground ball,0,NA,FALSE,0,0,0,0,0,0,0,0,0,0,0,0,0,0
1665,Hu_Watson_TXAM_04,1876,ARKS_TXAM_0516201901,ARKS_TXAM_0516201901_PA16HOME07,home,Watson,6,2,2,-1,-1,-1,-1,-1,-1,0,0,0,0,0,0,0,NA,NA,NA,0,0,NA,NA,NA,0,NA,FALSE,0,0,0,0,0,0,0,1,1,0,0,0,0,1
1666,Za_Watson_LSTU_09,1876,ARKS_TXAM_0516201901,ARKS_TXAM_0516201901_PA16HOME07,home,Watson,6,2,2,-1,-1,-1,-1,-1,-1,0,0,0,0,0,0,0,NA,NA,NA,0,0,NA,NA,NA,0,NA,FALSE,0,0,0,0,0,0,0,1,1,0,0,0,0,1
1667,Ky_Watson_OMSS_09,1876,ARKS_TXAM_0516201901,ARKS_TXAM_0516201901_PA16HOME07,home,Watson,6,2,2,-1,-1,-1,-1,-1,-1,0,0,0,0,0,0,0,NA,NA,NA,0,0,NA,NA,NA,0,NA,FALSE,0,0,0,0,0,0,0,1,1,0,0,0,0,1
1668,Ry_Watson_AUBN_37,1876,ARKS_TXAM_0516201901,ARKS_TXAM_0516201901_PA16HOME07,home,Watson,6,2,2,-1,-1,-1,-1,-1,-1,0,0,0,0,0,0,0,NA,NA,NA,0,0,NA,NA,NA,0,NA,FALSE,0,0,0,0,0,0,0,1,1,0,0,0,0,1
3515,Gr_Warner_AUBN_26,3123,AUBN_VAND_0425201901,AUBN_VAND_0425201901_PA17AWAY05,away,Warner,4,2,2,-1,-1,-1,-1,-1,-1,0,0,0,0,0,0,0,NA,NA,NA,0,0,NA,NA,NA,0,NA,FALSE,0,0,0,0,0,0,0,1,1,0,0,0,0,1
3516,De_Warner_AUBN_03,3123,AUBN_VAND_0425201901,AUBN_VAND_0425201901_PA17AWAY05,away,Warner,4,2,2,-1,-1,-1,-1,-1,-1,0,0,0,0,0,0,0,NA,NA,NA,0,0,NA,NA,NA,0,NA,FALSE,0,0,0,0,0,0,0,1,1,0,0,0,0,1
4420,Ki_Mcmull_FLOR_52,3420,FLOR_GEOR_0505201901,FLOR_GEOR_0505201901_PA13AWAY03,away,Mcmullen,5,0,0,-1,-1,-1,-1,-1,-1,1,0,0,0,0,0,0,NA,NA,NA,0,1,to 3b,soft,ground ball,0,NA,FALSE,0,0,0,0,0,0,0,0,0,0,0,0,0,0
4421,Hu_Mcmull_FLOR_25,3420,FLOR_GEOR_0505201901,FLOR_GEOR_0505201901_PA13AWAY03,away,Mcmullen,5,0,0,-1,-1,-1,-1,-1,-1,1,0,0,0,0,0,0,NA,NA,NA,0,1,to 3b,soft,ground ball,0,NA,FALSE,0,0,0,0,0,0,0,0,0,0,0,0,0,0
3085,Br_Mcconn_FLOR_13,4112,FLOR_OMSS_0406201902,FLOR_OMSS_0406201902_PA01AWAY01,away,Mcconnell,1,NA,NA,-1,-1,-1,-1,-1,-1,1,0,0,0,0,0,0,NA,NA,NA,0,1,to lf,medium,fly ball,0,NA,FALSE,0,0,0,0,0,0,0,0,0,0,0,0,0,0
4435,Br_Mcconn_FLOR_13,4200,FLOR_OMSS_0406201902,FLOR_OMSS_0406201902_PA01AWAY01,away,Mcconnell,1,NA,NA,-1,-1,-1,-1,-1,-1,1,0,0,0,0,0,0,NA,NA,NA,0,1,to lf,medium,fly ball,0,NA,FALSE,0,0,0,0,0,0,0,0,0,0,0,0,0,0
3086,Co_Acton0_FLOR_22,4113,FLOR_OMSS_0406201902,FLOR_OMSS_0406201902_PA01AWAY02,away,Acton,2,NA,NA,-1,-1,-1,-1,-1,-1,0,0,0,0,0,0,0,NA,NA,NA,0,0,NA,NA,NA,0,NA,FALSE,0,0,0,0,0,0,0,1,0,1,0,0,0,1
4436,Co_Acton0_FLOR_22,4201,FLOR_OMSS_0406201902,FLOR_OMSS_0406201902_PA01AWAY02,away,Acton,2,NA,NA,-1,-1,-1,-1,-1,-1,0,0,0,0,0,0,0,NA,NA,NA,0,0,NA,NA,NA,0,NA,FALSE,0,0,0,0,0,0,0,1,0,1,0,0,0,1
3087,Ne_Maldon_FLOR_27,4114,FLOR_OMSS_0406201902,FLOR_OMSS_0406201902_PA01AWAY03,away,Maldonado,3,NA,NA,-1,-1,-1,-1,-1,-1,1,0,0,0,0,0,0,NA,NA,NA,0,1,to 3b,soft,ground ball,0,NA,FALSE,0,0,0,0,0,0,0,0,0,0,0,0,0,0
4437,Ne_Maldon_FLOR_27,4202,FLOR_OMSS_0406201902,FLOR_OMSS_0406201902_PA01AWAY03,away,Maldonado,3,NA,NA,-1,-1,-1,-1,-1,-1,1,0,0,0,0,0,0,NA,NA,NA,0,1,to 3b,soft,ground ball,0,NA,FALSE,0,0,0,0,0,0,0,0,0,0,0,0,0,0
3088,Ry_Olenek_OMSS_02,4115,FLOR_OMSS_0406201902,FLOR_OMSS_0406201902_PA02HOME01,home,Olenek,1,NA,NA,-1,-1,-1,-1,-1,-1,1,0,0,0,0,0,0,NA,NA,NA,0,1,to ss,foul,fly ball,0,NA,FALSE,0,0,0,0,0,0,0,0,0,0,0,0,0,0
4438,Ry_Olenek_OMSS_02,4203,FLOR_OMSS_0406201902,FLOR_OMSS_0406201902_PA02HOME01,home,Olenek,1,NA,NA,-1,-1,-1,-1,-1,-1,1,0,0,0,0,0,0,NA,NA,NA,0,1,to ss,foul,fly ball,0,NA,FALSE,0,0,0,0,0,0,0,0,0,0,0,0,0,0
3089,Gr_Kessin_OMSS_15,4116,FLOR_OMSS_0406201902,FLOR_OMSS_0406201902_PA02HOME02,home,Kessinger,2,NA,NA,-1,-1,-1,-1,-1,-1,1,0,0,0,0,0,0,NA,NA,NA,0,1,to cf,hard,line drive,0,NA,FALSE,0,0,0,0,0,0,0,0,0,0,0,0,0,0
4439,Gr_Kessin_OMSS_15,4204,FLOR_OMSS_0406201902,FLOR_OMSS_0406201902_PA02HOME02,home,Kessinger,2,NA,NA,-1,-1,-1,-1,-1,-1,1,0,0,0,0,0,0,NA,NA,NA,0,1,to cf,hard,line drive,0,NA,FALSE,0,0,0,0,0,0,0,0,0,0,0,0,0,0
1568,Ty_Keenan_OMSS_10,4205,FLOR_OMSS_0406201902,FLOR_OMSS_0406201902_PA02HOME03,home,Keenan,3,NA,NA,-1,-1,-1,-1,-1,-1,1,0,0,0,0,0,0,NA,NA,NA,0,1,to ss,hard,line drive,0,NA,FALSE,0,0,0,0,0,0,0,0,0,0,0,0,0,0
5422,Ty_Keenan_OMSS_10,4117,FLOR_OMSS_0406201902,FLOR_OMSS_0406201902_PA02HOME03,home,Keenan,3,NA,NA,-1,-1,-1,-1,-1,-1,1,0,0,0,0,0,0,NA,NA,NA,0,1,to ss,hard,line drive,0,NA,FALSE,0,0,0,0,0,0,0,0,0,0,0,0,0,0
1558,Ke_Calila_FLOR_06,4118,FLOR_OMSS_0406201902,FLOR_OMSS_0406201902_PA03AWAY01,away,Calilao,4,NA,NA,-1,-1,-1,-1,-1,-1,1,1,1,1,0,0,0,up the middle,hard,ground ball,0,0,NA,NA,NA,0,NA,FALSE,0,0,0,0,0,0,0,0,0,0,0,0,0,0
1569,Ke_Calila_FLOR_06,4206,FLOR_OMSS_0406201902,FLOR_OMSS_0406201902_PA03AWAY01,away,Calilao,4,NA,NA,-1,-1,-1,-1,-1,-1,1,1,1,1,0,0,0,up the middle,hard,ground ball,0,0,NA,NA,NA,0,NA,FALSE,0,0,0,0,0,0,0,0,0,0,0,0,0,0
1559,Au_Langwo_FLOR_44,4119,FLOR_OMSS_0406201902,FLOR_OMSS_0406201902_PA03AWAY02,away,Langworthy,5,NA,NA,-1,-1,-1,-1,-1,-1,1,1,1,1,0,0,0,right field,hard,fly ball,0,0,NA,NA,NA,0,NA,FALSE,0,0,0,0,0,0,0,0,0,0,0,0,0,0
1570,Au_Langwo_FLOR_44,4207,FLOR_OMSS_0406201902,FLOR_OMSS_0406201902_PA03AWAY02,away,Langworthy,5,NA,NA,-1,-1,-1,-1,-1,-1,1,1,1,1,0,0,0,right field,hard,fly ball,0,0,NA,NA,NA,0,NA,FALSE,0,0,0,0,0,0,0,0,0,0,0,0,0,0
1560,Wi_Dalton_FLOR_16,4120,FLOR_OMSS_0406201902,FLOR_OMSS_0406201902_PA03AWAY03,away,Dalton,6,NA,NA,-1,-1,-1,-1,-1,-1,0,0,0,0,0,0,0,NA,NA,NA,0,0,NA,NA,NA,0,NA,FALSE,0,0,0,0,0,0,0,1,1,0,0,0,0,1
1571,Wi_Dalton_FLOR_16,4208,FLOR_OMSS_0406201902,FLOR_OMSS_0406201902_PA03AWAY03,away,Dalton,6,NA,NA,-1,-1,-1,-1,-1,-1,0,0,0,0,0,0,0,NA,NA,NA,0,0,NA,NA,NA,0,NA,FALSE,0,0,0,0,0,0,0,1,1,0,0,0,0,1
1561,Ju_Fabian_FLOR_04,4121,FLOR_OMSS_0406201902,FLOR_OMSS_0406201902_PA03AWAY04,away,Fabian,7,NA,NA,-1,-1,-1,-1,-1,-1,0,0,0,0,0,0,0,NA,NA,NA,0,0,NA,NA,NA,0,NA,FALSE,0,0,0,0,0,0,0,1,0,1,0,0,0,1
1572,Ju_Fabian_FLOR_04,4209,FLOR_OMSS_0406201902,FLOR_OMSS_0406201902_PA03AWAY04,away,Fabian,7,NA,NA,-1,-1,-1,-1,-1,-1,0,0,0,0,0,0,0,NA,NA,NA,0,0,NA,NA,NA,0,NA,FALSE,0,0,0,0,0,0,0,1,0,1,0,0,0,1
1562,Kr_Armstr_FLOR_34,4122,FLOR_OMSS_0406201902,FLOR_OMSS_0406201902_PA03AWAY05,away,Armstrong,8,NA,NA,-1,-1,-1,-1,-1,-1,0,0,0,0,0,0,0,NA,NA,NA,0,0,NA,NA,NA,0,NA,FALSE,0,0,0,0,0,0,0,1,1,0,0,0,0,1
1573,Kr_Armstr_FLOR_34,4210,FLOR_OMSS_0406201902,FLOR_OMSS_0406201902_PA03AWAY05,away,Armstrong,8,NA,NA,-1,-1,-1,-1,-1,-1,0,0,0,0,0,0,0,NA,NA,NA,0,0,NA,NA,NA,0,NA,FALSE,0,0,0,0,0,0,0,1,1,0,0,0,0,1
1563,Th_Dillar_OMSS_06,4123,FLOR_OMSS_0406201902,FLOR_OMSS_0406201902_PA04HOME01,home,Dillard,4,NA,NA,-1,-1,-1,-1,-1,-1,0,0,0,0,0,0,0,NA,NA,NA,0,0,NA,NA,NA,0,NA,FALSE,0,0,0,0,0,0,0,1,1,0,0,0,0,1
1574,Th_Dillar_OMSS_06,4211,FLOR_OMSS_0406201902,FLOR_OMSS_0406201902_PA04HOME01,home,Dillard,4,NA,NA,-1,-1,-1,-1,-1,-1,0,0,0,0,0,0,0,NA,NA,NA,0,0,NA,NA,NA,0,NA,FALSE,0,0,0,0,0,0,0,1,1,0,0,0,0,1
1564,Co_Zabows_OMSS_14,4124,FLOR_OMSS_0406201902,FLOR_OMSS_0406201902_PA04HOME02,home,Zabowski,5,NA,NA,-1,-1,-1,-1,-1,-1,1,0,0,0,0,0,0,NA,NA,NA,0,1,to lf,hard,line drive,0,NA,FALSE,0,0,0,0,0,0,0,0,0,0,0,0,0,0
1575,Co_Zabows_OMSS_14,4212,FLOR_OMSS_0406201902,FLOR_OMSS_0406201902_PA04HOME02,home,Zabowski,5,NA,NA,-1,-1,-1,-1,-1,-1,1,0,0,0,0,0,0,NA,NA,NA,0,1,to lf,hard,line drive,0,NA,FALSE,0,0,0,0,0,0,0,0,0,0,0,0,0,0
1565,Co_Johnso_OMSS_13,4125,FLOR_OMSS_0406201902,FLOR_OMSS_0406201902_PA04HOME03,home,Johnson,6,NA,NA,-1,-1,-1,-1,-1,-1,1,0,0,0,0,0,0,NA,NA,NA,0,1,to rf,medium,fly ball,0,NA,FALSE,0,0,0,0,0,0,0,0,0,0,0,0,0,0
1576,Co_Johnso_OMSS_13,4213,FLOR_OMSS_0406201902,FLOR_OMSS_0406201902_PA04HOME03,home,Johnson,6,NA,NA,-1,-1,-1,-1,-1,-1,1,0,0,0,0,0,0,NA,NA,NA,0,1,to rf,medium,fly ball,0,NA,FALSE,0,0,0,0,0,0,0,0,0,0,0,0,0,0
1566,Sa_Miozzi_FLOR_05,4126,FLOR_OMSS_0406201902,FLOR_OMSS_0406201902_PA05AWAY01,away,Miozzi,9,NA,NA,-1,-1,-1,-1,-1,-1,1,0,0,0,0,0,0,NA,NA,NA,0,1,to ss,soft,ground ball,0,NA,FALSE,0,0,0,0,0,0,0,0,0,0,0,0,0,0
1577,Sa_Miozzi_FLOR_05,4214,FLOR_OMSS_0406201902,FLOR_OMSS_0406201902_PA05AWAY01,away,Miozzi,9,NA,NA,-1,-1,-1,-1,-1,-1,1,0,0,0,0,0,0,NA,NA,NA,0,1,to ss,soft,ground ball,0,NA,FALSE,0,0,0,0,0,0,0,0,0,0,0,0,0,0
1567,Br_Mcconn_FLOR_13,4127,FLOR_OMSS_0406201902,FLOR_OMSS_0406201902_PA05AWAY02,away,Mcconnell,1,NA,NA,-1,-1,-1,-1,-1,-1,1,1,1,1,0,0,0,third base,medium,ground ball,1,0,NA,NA,NA,0,NA,FALSE,0,0,0,0,0,0,0,0,0,0,0,0,0,0
1578,Br_Mcconn_FLOR_13,4215,FLOR_OMSS_0406201902,FLOR_OMSS_0406201902_PA05AWAY02,away,Mcconnell,1,NA,NA,-1,-1,-1,-1,-1,-1,1,1,1,1,0,0,0,third base,medium,ground ball,1,0,NA,NA,NA,0,NA,FALSE,0,0,0,0,0,0,0,0,0,0,0,0,0,0
1579,Co_Acton0_FLOR_22,4216,FLOR_OMSS_0406201902,FLOR_OMSS_0406201902_PA05AWAY03,away,Acton,2,NA,NA,-1,-1,-1,-1,-1,-1,1,1,2,0,1,0,0,doubled to right field,hard,fly ball,0,0,NA,NA,NA,0,NA,FALSE,0,0,0,0,0,0,0,0,0,0,0,0,0,0
3090,Co_Acton0_FLOR_22,4128,FLOR_OMSS_0406201902,FLOR_OMSS_0406201902_PA05AWAY03,away,Acton,2,NA,NA,-1,-1,-1,-1,-1,-1,1,1,2,0,1,0,0,doubled to right field,hard,fly ball,0,0,NA,NA,NA,0,NA,FALSE,0,0,0,0,0,0,0,0,0,0,0,0,0,0
1580,Ne_Maldon_FLOR_27,4217,FLOR_OMSS_0406201902,FLOR_OMSS_0406201902_PA05AWAY04,away,Maldonado,3,NA,NA,-1,-1,-1,-1,-1,-1,1,0,0,0,0,0,0,NA,NA,NA,0,1,to 2b,soft,fly ball,0,NA,FALSE,0,0,0,0,0,0,0,0,0,0,0,0,0,0
3091,Ne_Maldon_FLOR_27,4129,FLOR_OMSS_0406201902,FLOR_OMSS_0406201902_PA05AWAY04,away,Maldonado,3,NA,NA,-1,-1,-1,-1,-1,-1,1,0,0,0,0,0,0,NA,NA,NA,0,1,to 2b,soft,fly ball,0,NA,FALSE,0,0,0,0,0,0,0,0,0,0,0,0,0,0
1581,Ke_Calila_FLOR_06,4218,FLOR_OMSS_0406201902,FLOR_OMSS_0406201902_PA05AWAY05,away,Calilao,4,NA,NA,-1,-1,-1,-1,-1,-1,1,0,0,0,0,0,0,NA,NA,NA,0,0,NA,NA,NA,0,NA,TRUE,1,0,0,0,0,0,0,0,0,0,0,0,0,0
3092,Ke_Calila_FLOR_06,4130,FLOR_OMSS_0406201902,FLOR_OMSS_0406201902_PA05AWAY05,away,Calilao,4,NA,NA,-1,-1,-1,-1,-1,-1,1,0,0,0,0,0,0,NA,NA,NA,0,0,NA,NA,NA,0,NA,TRUE,1,0,0,0,0,0,0,0,0,0,0,0,0,0
1582,Au_Langwo_FLOR_44,4219,FLOR_OMSS_0406201902,FLOR_OMSS_0406201902_PA05AWAY06,away,Langworthy,5,NA,NA,-1,-1,-1,-1,-1,-1,0,0,1,0,0,0,0,NA,NA,NA,0,0,NA,NA,NA,0,NA,FALSE,0,0,0,0,1,0,1,0,0,0,0,0,0,1
3093,Au_Langwo_FLOR_44,4131,FLOR_OMSS_0406201902,FLOR_OMSS_0406201902_PA05AWAY06,away,Langworthy,5,NA,NA,-1,-1,-1,-1,-1,-1,0,0,1,0,0,0,0,NA,NA,NA,0,0,NA,NA,NA,0,NA,FALSE,0,0,0,0,1,0,1,0,0,0,0,0,0,1
1583,Wi_Dalton_FLOR_16,4220,FLOR_OMSS_0406201902,FLOR_OMSS_0406201902_PA05AWAY07,away,Dalton,6,NA,NA,-1,-1,-1,-1,-1,-1,0,0,0,0,0,0,0,NA,NA,NA,0,0,NA,NA,NA,0,NA,FALSE,0,0,0,0,0,0,0,0,0,0,0,0,0,0
3094,Wi_Dalton_FLOR_16,4132,FLOR_OMSS_0406201902,FLOR_OMSS_0406201902_PA05AWAY07,away,Dalton,6,NA,NA,-1,-1,-1,-1,-1,-1,0,0,0,0,0,0,0,NA,NA,NA,0,0,NA,NA,NA,0,NA,FALSE,0,0,0,0,0,0,0,0,0,0,0,0,0,0
1584,Ju_Fabian_FLOR_04,4221,FLOR_OMSS_0406201902,FLOR_OMSS_0406201902_PA05AWAY08,away,Fabian,7,NA,NA,-1,-1,-1,-1,-1,-1,1,1,1,1,0,0,0,left,hard,ground ball,0,0,NA,NA,NA,0,NA,FALSE,0,0,0,0,0,0,0,0,0,0,0,0,0,0
3095,Ju_Fabian_FLOR_04,4133,FLOR_OMSS_0406201902,FLOR_OMSS_0406201902_PA05AWAY08,away,Fabian,7,NA,NA,-1,-1,-1,-1,-1,-1,1,1,1,1,0,0,0,left,hard,ground ball,0,0,NA,NA,NA,0,NA,FALSE,0,0,0,0,0,0,0,0,0,0,0,0,0,0
1585,Kr_Armstr_FLOR_34,4222,FLOR_OMSS_0406201902,FLOR_OMSS_0406201902_PA05AWAY09,away,Armstrong,8,NA,NA,-1,-1,-1,-1,-1,-1,0,0,0,0,0,0,0,NA,NA,NA,0,0,NA,NA,NA,0,NA,FALSE,0,0,0,0,0,0,0,1,0,1,0,0,0,1
3303,Kr_Armstr_FLOR_34,4134,FLOR_OMSS_0406201902,FLOR_OMSS_0406201902_PA05AWAY09,away,Armstrong,8,NA,NA,-1,-1,-1,-1,-1,-1,0,0,0,0,0,0,0,NA,NA,NA,0,0,NA,NA,NA,0,NA,FALSE,0,0,0,0,0,0,0,1,0,1,0,0,0,1
1586,Ke_Graham_OMSS_35,4223,FLOR_OMSS_0406201902,FLOR_OMSS_0406201902_PA06HOME01,home,Graham,7,NA,NA,-1,-1,-1,-1,-1,-1,1,0,0,0,0,0,0,NA,NA,NA,0,1,to lf,medium,fly ball,0,NA,FALSE,0,0,0,0,0,0,0,0,0,0,0,0,0,0
3304,Ke_Graham_OMSS_35,4135,FLOR_OMSS_0406201902,FLOR_OMSS_0406201902_PA06HOME01,home,Graham,7,NA,NA,-1,-1,-1,-1,-1,-1,1,0,0,0,0,0,0,NA,NA,NA,0,1,to lf,medium,fly ball,0,NA,FALSE,0,0,0,0,0,0,0,0,0,0,0,0,0,0
1587,Ch_Cockre_OMSS_11,4224,FLOR_OMSS_0406201902,FLOR_OMSS_0406201902_PA06HOME02,home,Cockrell,8,NA,NA,-1,-1,-1,-1,-1,-1,1,1,1,1,0,0,0,up the middle,hard,ground ball,0,0,NA,NA,NA,0,NA,FALSE,0,0,0,0,0,0,0,0,0,0,0,0,0,0
3305,Ch_Cockre_OMSS_11,4136,FLOR_OMSS_0406201902,FLOR_OMSS_0406201902_PA06HOME02,home,Cockrell,8,NA,NA,-1,-1,-1,-1,-1,-1,1,1,1,1,0,0,0,up the middle,hard,ground ball,0,0,NA,NA,NA,0,NA,FALSE,0,0,0,0,0,0,0,0,0,0,0,0,0,0
1588,An_Servid_OMSS_03,4225,FLOR_OMSS_0406201902,FLOR_OMSS_0406201902_PA06HOME04,home,Servideo,9,NA,NA,-1,-1,-1,-1,-1,-1,0,0,0,0,0,0,0,NA,NA,NA,0,0,NA,NA,NA,0,NA,FALSE,0,0,0,0,0,0,0,1,1,0,0,0,0,1
3306,An_Servid_OMSS_03,4137,FLOR_OMSS_0406201902,FLOR_OMSS_0406201902_PA06HOME04,home,Servideo,9,NA,NA,-1,-1,-1,-1,-1,-1,0,0,0,0,0,0,0,NA,NA,NA,0,0,NA,NA,NA,0,NA,FALSE,0,0,0,0,0,0,0,1,1,0,0,0,0,1
1589,Ry_Olenek_OMSS_02,4226,FLOR_OMSS_0406201902,FLOR_OMSS_0406201902_PA06HOME05,home,Olenek,1,NA,NA,-1,-1,-1,-1,-1,-1,0,0,0,0,0,0,0,NA,NA,NA,0,0,NA,NA,NA,0,NA,FALSE,0,0,0,0,0,0,0,0,0,0,0,0,0,0
3307,Ry_Olenek_OMSS_02,4138,FLOR_OMSS_0406201902,FLOR_OMSS_0406201902_PA06HOME05,home,Olenek,1,NA,NA,-1,-1,-1,-1,-1,-1,0,0,0,0,0,0,0,NA,NA,NA,0,0,NA,NA,NA,0,NA,FALSE,0,0,0,0,0,0,0,0,0,0,0,0,0,0
3308,Gr_Kessin_OMSS_15,4139,FLOR_OMSS_0406201902,FLOR_OMSS_0406201902_PA06HOME06,home,Kessinger,2,NA,NA,-1,-1,-1,-1,-1,-1,0,0,1,0,0,0,0,NA,NA,NA,0,0,NA,NA,NA,0,NA,FALSE,0,0,0,0,1,0,1,0,0,0,0,0,0,1
4440,Gr_Kessin_OMSS_15,4227,FLOR_OMSS_0406201902,FLOR_OMSS_0406201902_PA06HOME06,home,Kessinger,2,NA,NA,-1,-1,-1,-1,-1,-1,0,0,1,0,0,0,0,NA,NA,NA,0,0,NA,NA,NA,0,NA,FALSE,0,0,0,0,1,0,1,0,0,0,0,0,0,1
3309,Ty_Keenan_OMSS_10,4140,FLOR_OMSS_0406201902,FLOR_OMSS_0406201902_PA06HOME07,home,Keenan,3,NA,NA,-1,-1,-1,-1,-1,-1,0,0,0,0,0,0,0,NA,NA,NA,0,0,NA,NA,NA,0,NA,FALSE,0,0,0,0,0,0,0,1,1,0,0,0,0,1
4441,Ty_Keenan_OMSS_10,4228,FLOR_OMSS_0406201902,FLOR_OMSS_0406201902_PA06HOME07,home,Keenan,3,NA,NA,-1,-1,-1,-1,-1,-1,0,0,0,0,0,0,0,NA,NA,NA,0,0,NA,NA,NA,0,NA,FALSE,0,0,0,0,0,0,0,1,1,0,0,0,0,1
3310,Sa_Miozzi_FLOR_05,4141,FLOR_OMSS_0406201902,FLOR_OMSS_0406201902_PA07AWAY02,away,Miozzi,9,NA,NA,-1,-1,-1,-1,-1,-1,0,0,0,0,0,0,0,NA,NA,NA,0,0,NA,NA,NA,0,NA,FALSE,0,0,0,0,0,0,0,1,1,0,0,0,0,1
4442,Sa_Miozzi_FLOR_05,4229,FLOR_OMSS_0406201902,FLOR_OMSS_0406201902_PA07AWAY02,away,Miozzi,9,NA,NA,-1,-1,-1,-1,-1,-1,0,0,0,0,0,0,0,NA,NA,NA,0,0,NA,NA,NA,0,NA,FALSE,0,0,0,0,0,0,0,1,1,0,0,0,0,1
3311,Br_Mcconn_FLOR_13,4142,FLOR_OMSS_0406201902,FLOR_OMSS_0406201902_PA07AWAY03,away,Mcconnell,1,NA,NA,-1,-1,-1,-1,-1,-1,1,1,1,1,0,0,0,left field,hard,fly ball,0,0,NA,NA,NA,0,NA,FALSE,0,0,0,0,0,0,0,0,0,0,0,0,0,0
4443,Br_Mcconn_FLOR_13,4230,FLOR_OMSS_0406201902,FLOR_OMSS_0406201902_PA07AWAY03,away,Mcconnell,1,NA,NA,-1,-1,-1,-1,-1,-1,1,1,1,1,0,0,0,left field,hard,fly ball,0,0,NA,NA,NA,0,NA,FALSE,0,0,0,0,0,0,0,0,0,0,0,0,0,0
3312,Co_Acton0_FLOR_22,4143,FLOR_OMSS_0406201902,FLOR_OMSS_0406201902_PA07AWAY05,away,Acton,2,NA,NA,-1,-1,-1,-1,-1,-1,1,1,2,0,1,0,0,shallow infield,soft,ground ball,1,0,NA,NA,NA,0,NA,FALSE,0,0,0,0,0,0,0,0,0,0,0,0,0,0
4484,Co_Acton0_FLOR_22,4231,FLOR_OMSS_0406201902,FLOR_OMSS_0406201902_PA07AWAY05,away,Acton,2,NA,NA,-1,-1,-1,-1,-1,-1,1,1,2,0,1,0,0,shallow infield,soft,ground ball,1,0,NA,NA,NA,0,NA,FALSE,0,0,0,0,0,0,0,0,0,0,0,0,0,0
3313,Ne_Maldon_FLOR_27,4144,FLOR_OMSS_0406201902,FLOR_OMSS_0406201902_PA07AWAY06,away,Maldonado,3,NA,NA,-1,-1,-1,-1,-1,-1,0,0,1,0,0,0,0,NA,NA,NA,0,0,NA,NA,NA,0,NA,FALSE,0,0,0,0,1,1,0,0,0,0,0,0,0,1
4485,Ne_Maldon_FLOR_27,4232,FLOR_OMSS_0406201902,FLOR_OMSS_0406201902_PA07AWAY06,away,Maldonado,3,NA,NA,-1,-1,-1,-1,-1,-1,0,0,1,0,0,0,0,NA,NA,NA,0,0,NA,NA,NA,0,NA,FALSE,0,0,0,0,1,1,0,0,0,0,0,0,0,1
3314,Ke_Calila_FLOR_06,4145,FLOR_OMSS_0406201902,FLOR_OMSS_0406201902_PA07AWAY07,away,Calilao,4,NA,NA,-1,-1,-1,-1,-1,-1,0,0,1,0,0,0,0,NA,NA,NA,0,0,NA,NA,NA,0,NA,FALSE,0,0,0,0,1,0,1,0,0,0,0,0,0,1
4486,Ke_Calila_FLOR_06,4233,FLOR_OMSS_0406201902,FLOR_OMSS_0406201902_PA07AWAY07,away,Calilao,4,NA,NA,-1,-1,-1,-1,-1,-1,0,0,1,0,0,0,0,NA,NA,NA,0,0,NA,NA,NA,0,NA,FALSE,0,0,0,0,1,0,1,0,0,0,0,0,0,1
3315,Au_Langwo_FLOR_44,4146,FLOR_OMSS_0406201902,FLOR_OMSS_0406201902_PA07AWAY08,away,Langworthy,5,NA,NA,-1,-1,-1,-1,-1,-1,1,0,0,0,0,0,0,NA,NA,NA,0,1,to cf,medium,fly ball,0,NA,FALSE,0,0,0,1,0,0,0,0,0,0,0,0,0,0
4487,Au_Langwo_FLOR_44,4234,FLOR_OMSS_0406201902,FLOR_OMSS_0406201902_PA07AWAY08,away,Langworthy,5,NA,NA,-1,-1,-1,-1,-1,-1,1,0,0,0,0,0,0,NA,NA,NA,0,1,to cf,medium,fly ball,0,NA,FALSE,0,0,0,1,0,0,0,0,0,0,0,0,0,0
3316,Wi_Dalton_FLOR_16,4147,FLOR_OMSS_0406201902,FLOR_OMSS_0406201902_PA07AWAY09,away,Dalton,6,NA,NA,-1,-1,-1,-1,-1,-1,1,1,2,0,1,0,0,shallow infield,soft,ground ball,1,0,NA,NA,NA,0,NA,FALSE,0,0,0,0,0,0,0,0,0,0,0,0,0,0
4488,Wi_Dalton_FLOR_16,4235,FLOR_OMSS_0406201902,FLOR_OMSS_0406201902_PA07AWAY09,away,Dalton,6,NA,NA,-1,-1,-1,-1,-1,-1,1,1,2,0,1,0,0,shallow infield,soft,ground ball,1,0,NA,NA,NA,0,NA,FALSE,0,0,0,0,0,0,0,0,0,0,0,0,0,0
3317,Ju_Fabian_FLOR_04,4148,FLOR_OMSS_0406201902,FLOR_OMSS_0406201902_PA07AWAY11,away,Fabian,7,NA,NA,-1,-1,-1,-1,-1,-1,0,0,0,0,0,0,0,NA,NA,NA,0,0,NA,NA,NA,0,NA,FALSE,0,0,0,0,0,0,0,1,0,1,0,0,0,1
4489,Ju_Fabian_FLOR_04,4236,FLOR_OMSS_0406201902,FLOR_OMSS_0406201902_PA07AWAY11,away,Fabian,7,NA,NA,-1,-1,-1,-1,-1,-1,0,0,0,0,0,0,0,NA,NA,NA,0,0,NA,NA,NA,0,NA,FALSE,0,0,0,0,0,0,0,1,0,1,0,0,0,1
3318,Th_Dillar_OMSS_06,4149,FLOR_OMSS_0406201902,FLOR_OMSS_0406201902_PA08HOME01,home,Dillard,4,NA,NA,-1,-1,-1,-1,-1,-1,0,0,1,0,0,0,0,NA,NA,NA,0,0,NA,NA,NA,0,NA,FALSE,0,0,0,0,1,0,1,0,0,0,0,0,0,1
4490,Th_Dillar_OMSS_06,4237,FLOR_OMSS_0406201902,FLOR_OMSS_0406201902_PA08HOME01,home,Dillard,4,NA,NA,-1,-1,-1,-1,-1,-1,0,0,1,0,0,0,0,NA,NA,NA,0,0,NA,NA,NA,0,NA,FALSE,0,0,0,0,1,0,1,0,0,0,0,0,0,1
3319,Co_Zabows_OMSS_14,4150,FLOR_OMSS_0406201902,FLOR_OMSS_0406201902_PA08HOME03,home,Zabowski,5,NA,NA,-1,-1,-1,-1,-1,-1,1,1,4,0,0,0,1,right field,hard,fly ball,0,0,NA,NA,NA,0,NA,FALSE,0,0,0,0,0,0,0,0,0,0,0,0,0,1
4491,Co_Zabows_OMSS_14,4238,FLOR_OMSS_0406201902,FLOR_OMSS_0406201902_PA08HOME03,home,Zabowski,5,NA,NA,-1,-1,-1,-1,-1,-1,1,1,4,0,0,0,1,right field,hard,fly ball,0,0,NA,NA,NA,0,NA,FALSE,0,0,0,0,0,0,0,0,0,0,0,0,0,1
3320,Kn_Lopose_OMSS_04,4151,FLOR_OMSS_0406201902,FLOR_OMSS_0406201902_PA08HOME05,home,Loposer,6,NA,NA,-1,-1,-1,-1,-1,-1,1,0,0,0,0,0,0,NA,NA,NA,0,1,to rf,medium,fly ball,0,NA,FALSE,0,0,0,0,0,0,0,0,0,0,0,0,0,0
4492,Kn_Lopose_OMSS_04,4239,FLOR_OMSS_0406201902,FLOR_OMSS_0406201902_PA08HOME05,home,Loposer,6,NA,NA,-1,-1,-1,-1,-1,-1,1,0,0,0,0,0,0,NA,NA,NA,0,1,to rf,medium,fly ball,0,NA,FALSE,0,0,0,0,0,0,0,0,0,0,0,0,0,0
3321,Ke_Graham_OMSS_35,4152,FLOR_OMSS_0406201902,FLOR_OMSS_0406201902_PA08HOME06,home,Graham,7,NA,NA,-1,-1,-1,-1,-1,-1,0,0,0,0,0,0,0,NA,NA,NA,0,0,NA,NA,NA,0,NA,FALSE,0,0,0,0,0,0,0,1,1,0,0,0,0,1
4493,Ke_Graham_OMSS_35,4240,FLOR_OMSS_0406201902,FLOR_OMSS_0406201902_PA08HOME06,home,Graham,7,NA,NA,-1,-1,-1,-1,-1,-1,0,0,0,0,0,0,0,NA,NA,NA,0,0,NA,NA,NA,0,NA,FALSE,0,0,0,0,0,0,0,1,1,0,0,0,0,1
3322,Ch_Cockre_OMSS_11,4153,FLOR_OMSS_0406201902,FLOR_OMSS_0406201902_PA08HOME07,home,Cockrell,8,NA,NA,-1,-1,-1,-1,-1,-1,0,0,0,0,0,0,0,NA,NA,NA,0,0,NA,NA,NA,0,NA,FALSE,0,0,0,0,0,0,0,1,1,0,0,0,0,1
4494,Ch_Cockre_OMSS_11,4241,FLOR_OMSS_0406201902,FLOR_OMSS_0406201902_PA08HOME07,home,Cockrell,8,NA,NA,-1,-1,-1,-1,-1,-1,0,0,0,0,0,0,0,NA,NA,NA,0,0,NA,NA,NA,0,NA,FALSE,0,0,0,0,0,0,0,1,1,0,0,0,0,1
3323,Kr_Armstr_FLOR_34,4154,FLOR_OMSS_0406201902,FLOR_OMSS_0406201902_PA09AWAY01,away,Armstrong,8,NA,NA,-1,-1,-1,-1,-1,-1,0,0,0,0,0,0,0,NA,NA,NA,0,0,NA,NA,NA,0,NA,FALSE,0,0,0,0,0,0,0,1,1,0,1,0,0,1
4495,Kr_Armstr_FLOR_34,4242,FLOR_OMSS_0406201902,FLOR_OMSS_0406201902_PA09AWAY01,away,Armstrong,8,NA,NA,-1,-1,-1,-1,-1,-1,0,0,0,0,0,0,0,NA,NA,NA,0,0,NA,NA,NA,0,NA,FALSE,0,0,0,0,0,0,0,1,1,0,1,0,0,1
3324,Sa_Miozzi_FLOR_05,4155,FLOR_OMSS_0406201902,FLOR_OMSS_0406201902_PA09AWAY02,away,Miozzi,9,NA,NA,-1,-1,-1,-1,-1,-1,1,0,0,0,0,0,0,NA,NA,NA,0,1,to rf,medium,fly ball,0,NA,FALSE,0,0,0,0,0,0,0,0,0,0,0,0,0,0
4496,Sa_Miozzi_FLOR_05,4243,FLOR_OMSS_0406201902,FLOR_OMSS_0406201902_PA09AWAY02,away,Miozzi,9,NA,NA,-1,-1,-1,-1,-1,-1,1,0,0,0,0,0,0,NA,NA,NA,0,1,to rf,medium,fly ball,0,NA,FALSE,0,0,0,0,0,0,0,0,0,0,0,0,0,0
3325,Br_Mcconn_FLOR_13,4156,FLOR_OMSS_0406201902,FLOR_OMSS_0406201902_PA09AWAY03,away,Mcconnell,1,NA,NA,-1,-1,-1,-1,-1,-1,1,0,0,0,0,0,0,NA,NA,NA,0,1,to cf,medium,fly ball,0,NA,FALSE,0,0,0,0,0,0,0,0,0,0,0,0,0,0
4497,Br_Mcconn_FLOR_13,4244,FLOR_OMSS_0406201902,FLOR_OMSS_0406201902_PA09AWAY03,away,Mcconnell,1,NA,NA,-1,-1,-1,-1,-1,-1,1,0,0,0,0,0,0,NA,NA,NA,0,1,to cf,medium,fly ball,0,NA,FALSE,0,0,0,0,0,0,0,0,0,0,0,0,0,0
3326,An_Servid_OMSS_03,4157,FLOR_OMSS_0406201902,FLOR_OMSS_0406201902_PA10HOME01,home,Servideo,9,NA,NA,-1,-1,-1,-1,-1,-1,1,1,1,1,0,0,0,up the middle,hard,ground ball,0,0,NA,NA,NA,0,NA,FALSE,0,0,0,0,0,0,0,0,0,0,0,0,0,0
4498,An_Servid_OMSS_03,4245,FLOR_OMSS_0406201902,FLOR_OMSS_0406201902_PA10HOME01,home,Servideo,9,NA,NA,-1,-1,-1,-1,-1,-1,1,1,1,1,0,0,0,up the middle,hard,ground ball,0,0,NA,NA,NA,0,NA,FALSE,0,0,0,0,0,0,0,0,0,0,0,0,0,0
3327,Ry_Olenek_OMSS_02,4158,FLOR_OMSS_0406201902,FLOR_OMSS_0406201902_PA10HOME02,home,Olenek,1,NA,NA,-1,-1,-1,-1,-1,-1,1,1,1,1,0,0,0,left,hard,ground ball,0,0,NA,NA,NA,0,NA,FALSE,0,0,0,0,0,0,0,0,0,0,0,0,0,0
4499,Ry_Olenek_OMSS_02,4246,FLOR_OMSS_0406201902,FLOR_OMSS_0406201902_PA10HOME02,home,Olenek,1,NA,NA,-1,-1,-1,-1,-1,-1,1,1,1,1,0,0,0,left,hard,ground ball,0,0,NA,NA,NA,0,NA,FALSE,0,0,0,0,0,0,0,0,0,0,0,0,0,0
3328,Gr_Kessin_OMSS_15,4159,FLOR_OMSS_0406201902,FLOR_OMSS_0406201902_PA10HOME03,home,Kessinger,2,NA,NA,-1,-1,-1,-1,-1,-1,1,1,1,1,0,0,0,left,hard,ground ball,0,0,NA,NA,NA,0,NA,FALSE,0,0,0,0,0,0,0,0,0,0,0,0,0,0
4500,Gr_Kessin_OMSS_15,4247,FLOR_OMSS_0406201902,FLOR_OMSS_0406201902_PA10HOME03,home,Kessinger,2,NA,NA,-1,-1,-1,-1,-1,-1,1,1,1,1,0,0,0,left,hard,ground ball,0,0,NA,NA,NA,0,NA,FALSE,0,0,0,0,0,0,0,0,0,0,0,0,0,0
3329,Ty_Keenan_OMSS_10,4160,FLOR_OMSS_0406201902,FLOR_OMSS_0406201902_PA10HOME06,home,Keenan,3,NA,NA,-1,-1,-1,-1,-1,-1,0,0,1,0,0,0,0,NA,NA,NA,0,0,NA,NA,NA,0,NA,FALSE,0,0,0,0,1,0,1,0,0,0,0,0,0,1
4501,Ty_Keenan_OMSS_10,4248,FLOR_OMSS_0406201902,FLOR_OMSS_0406201902_PA10HOME06,home,Keenan,3,NA,NA,-1,-1,-1,-1,-1,-1,0,0,1,0,0,0,0,NA,NA,NA,0,0,NA,NA,NA,0,NA,FALSE,0,0,0,0,1,0,1,0,0,0,0,0,0,1
3330,Th_Dillar_OMSS_06,4161,FLOR_OMSS_0406201902,FLOR_OMSS_0406201902_PA10HOME08,home,Dillard,4,NA,NA,-1,-1,-1,-1,-1,-1,0,0,1,0,0,0,0,NA,NA,NA,0,0,NA,NA,NA,0,NA,FALSE,0,0,0,0,1,0,1,0,0,0,0,0,0,1
4502,Th_Dillar_OMSS_06,4249,FLOR_OMSS_0406201902,FLOR_OMSS_0406201902_PA10HOME08,home,Dillard,4,NA,NA,-1,-1,-1,-1,-1,-1,0,0,1,0,0,0,0,NA,NA,NA,0,0,NA,NA,NA,0,NA,FALSE,0,0,0,0,1,0,1,0,0,0,0,0,0,1
3331,Co_Zabows_OMSS_14,4162,FLOR_OMSS_0406201902,FLOR_OMSS_0406201902_PA10HOME09,home,Zabowski,5,NA,NA,-1,-1,-1,-1,-1,-1,0,0,1,0,0,0,0,NA,NA,NA,0,0,NA,NA,NA,0,NA,FALSE,0,0,0,0,1,0,1,0,0,0,0,0,0,1
4503,Co_Zabows_OMSS_14,4250,FLOR_OMSS_0406201902,FLOR_OMSS_0406201902_PA10HOME09,home,Zabowski,5,NA,NA,-1,-1,-1,-1,-1,-1,0,0,1,0,0,0,0,NA,NA,NA,0,0,NA,NA,NA,0,NA,FALSE,0,0,0,0,1,0,1,0,0,0,0,0,0,1
3332,Kn_Lopose_OMSS_04,4163,FLOR_OMSS_0406201902,FLOR_OMSS_0406201902_PA10HOME10,home,Loposer,6,NA,NA,-1,-1,-1,-1,-1,-1,1,1,2,0,1,0,0,lf line,hard,ground ball,0,0,NA,NA,NA,0,NA,FALSE,0,0,0,0,0,0,0,0,0,0,0,0,0,0
4504,Kn_Lopose_OMSS_04,4251,FLOR_OMSS_0406201902,FLOR_OMSS_0406201902_PA10HOME10,home,Loposer,6,NA,NA,-1,-1,-1,-1,-1,-1,1,1,2,0,1,0,0,lf line,hard,ground ball,0,0,NA,NA,NA,0,NA,FALSE,0,0,0,0,0,0,0,0,0,0,0,0,0,0
3333,Ke_Graham_OMSS_35,4164,FLOR_OMSS_0406201902,FLOR_OMSS_0406201902_PA10HOME11,home,Graham,7,NA,NA,-1,-1,-1,-1,-1,-1,1,0,0,0,0,0,0,NA,NA,NA,0,1,to 1b,soft,ground ball,0,NA,FALSE,0,0,0,0,0,0,0,0,0,0,0,0,0,0
4505,Ke_Graham_OMSS_35,4252,FLOR_OMSS_0406201902,FLOR_OMSS_0406201902_PA10HOME11,home,Graham,7,NA,NA,-1,-1,-1,-1,-1,-1,1,0,0,0,0,0,0,NA,NA,NA,0,1,to 1b,soft,ground ball,0,NA,FALSE,0,0,0,0,0,0,0,0,0,0,0,0,0,0
3334,Ch_Cockre_OMSS_11,4165,FLOR_OMSS_0406201902,FLOR_OMSS_0406201902_PA10HOME12,home,Cockrell,8,NA,NA,-1,-1,-1,-1,-1,-1,1,1,1,1,0,0,0,left field,hard,fly ball,0,0,NA,NA,NA,0,NA,FALSE,0,0,0,0,0,0,0,0,0,0,0,0,0,0
4506,Ch_Cockre_OMSS_11,4253,FLOR_OMSS_0406201902,FLOR_OMSS_0406201902_PA10HOME12,home,Cockrell,8,NA,NA,-1,-1,-1,-1,-1,-1,1,1,1,1,0,0,0,left field,hard,fly ball,0,0,NA,NA,NA,0,NA,FALSE,0,0,0,0,0,0,0,0,0,0,0,0,0,0
3335,An_Servid_OMSS_03,4166,FLOR_OMSS_0406201902,FLOR_OMSS_0406201902_PA10HOME13,home,Servideo,9,NA,NA,-1,-1,-1,-1,-1,-1,1,0,0,0,0,0,0,NA,NA,NA,0,0,NA,NA,NA,0,NA,TRUE,1,0,0,0,0,0,0,0,0,0,0,0,0,0
4507,An_Servid_OMSS_03,4254,FLOR_OMSS_0406201902,FLOR_OMSS_0406201902_PA10HOME13,home,Servideo,9,NA,NA,-1,-1,-1,-1,-1,-1,1,0,0,0,0,0,0,NA,NA,NA,0,0,NA,NA,NA,0,NA,TRUE,1,0,0,0,0,0,0,0,0,0,0,0,0,0
3336,Ry_Olenek_OMSS_02,4167,FLOR_OMSS_0406201902,FLOR_OMSS_0406201902_PA10HOME14,home,Olenek,1,NA,NA,-1,-1,-1,-1,-1,-1,1,1,1,1,0,0,0,up the middle,hard,ground ball,0,0,NA,NA,NA,0,NA,FALSE,0,0,0,0,0,0,0,0,0,0,0,0,0,0
4508,Ry_Olenek_OMSS_02,4255,FLOR_OMSS_0406201902,FLOR_OMSS_0406201902_PA10HOME14,home,Olenek,1,NA,NA,-1,-1,-1,-1,-1,-1,1,1,1,1,0,0,0,up the middle,hard,ground ball,0,0,NA,NA,NA,0,NA,FALSE,0,0,0,0,0,0,0,0,0,0,0,0,0,0
3337,Gr_Kessin_OMSS_15,4168,FLOR_OMSS_0406201902,FLOR_OMSS_0406201902_PA10HOME15,home,Kessinger,2,NA,NA,-1,-1,-1,-1,-1,-1,1,0,0,0,0,0,0,NA,NA,NA,0,1,to ss,soft,fly ball,0,NA,FALSE,0,0,0,0,0,0,0,0,0,0,0,0,0,0
4509,Gr_Kessin_OMSS_15,4256,FLOR_OMSS_0406201902,FLOR_OMSS_0406201902_PA10HOME15,home,Kessinger,2,NA,NA,-1,-1,-1,-1,-1,-1,1,0,0,0,0,0,0,NA,NA,NA,0,1,to ss,soft,fly ball,0,NA,FALSE,0,0,0,0,0,0,0,0,0,0,0,0,0,0
3338,Ty_Keenan_OMSS_10,4169,FLOR_OMSS_0406201902,FLOR_OMSS_0406201902_PA10HOME16,home,Keenan,3,NA,NA,-1,-1,-1,-1,-1,-1,1,0,0,0,0,0,0,NA,NA,NA,0,1,to cf,medium,fly ball,0,NA,FALSE,0,0,0,0,0,0,0,0,0,0,0,0,0,0
4510,Ty_Keenan_OMSS_10,4257,FLOR_OMSS_0406201902,FLOR_OMSS_0406201902_PA10HOME16,home,Keenan,3,NA,NA,-1,-1,-1,-1,-1,-1,1,0,0,0,0,0,0,NA,NA,NA,0,1,to cf,medium,fly ball,0,NA,FALSE,0,0,0,0,0,0,0,0,0,0,0,0,0,0
3339,Co_Acton0_FLOR_22,4170,FLOR_OMSS_0406201902,FLOR_OMSS_0406201902_PA11AWAY01,away,Acton,2,NA,NA,-1,-1,-1,-1,-1,-1,1,0,0,0,0,0,0,NA,NA,NA,0,1,to cf,medium,fly ball,0,NA,FALSE,0,0,0,0,0,0,0,0,0,0,0,0,0,0
4511,Co_Acton0_FLOR_22,4258,FLOR_OMSS_0406201902,FLOR_OMSS_0406201902_PA11AWAY01,away,Acton,2,NA,NA,-1,-1,-1,-1,-1,-1,1,0,0,0,0,0,0,NA,NA,NA,0,1,to cf,medium,fly ball,0,NA,FALSE,0,0,0,0,0,0,0,0,0,0,0,0,0,0
3340,Ne_Maldon_FLOR_27,4171,FLOR_OMSS_0406201902,FLOR_OMSS_0406201902_PA11AWAY02,away,Maldonado,3,NA,NA,-1,-1,-1,-1,-1,-1,1,1,4,0,0,0,1,left field,hard,fly ball,0,0,NA,NA,NA,0,NA,FALSE,0,0,0,0,0,0,0,0,0,0,0,0,0,1
4512,Ne_Maldon_FLOR_27,4259,FLOR_OMSS_0406201902,FLOR_OMSS_0406201902_PA11AWAY02,away,Maldonado,3,NA,NA,-1,-1,-1,-1,-1,-1,1,1,4,0,0,0,1,left field,hard,fly ball,0,0,NA,NA,NA,0,NA,FALSE,0,0,0,0,0,0,0,0,0,0,0,0,0,1
3341,Ke_Calila_FLOR_06,4172,FLOR_OMSS_0406201902,FLOR_OMSS_0406201902_PA11AWAY03,away,Calilao,4,NA,NA,-1,-1,-1,-1,-1,-1,1,1,1,1,0,0,0,left,hard,ground ball,0,0,NA,NA,NA,0,NA,FALSE,0,0,0,0,0,0,0,0,0,0,0,0,0,0
4513,Ke_Calila_FLOR_06,4260,FLOR_OMSS_0406201902,FLOR_OMSS_0406201902_PA11AWAY03,away,Calilao,4,NA,NA,-1,-1,-1,-1,-1,-1,1,1,1,1,0,0,0,left,hard,ground ball,0,0,NA,NA,NA,0,NA,FALSE,0,0,0,0,0,0,0,0,0,0,0,0,0,0
3639,Au_Langwo_FLOR_44,4173,FLOR_OMSS_0406201902,FLOR_OMSS_0406201902_PA11AWAY04,away,Langworthy,5,NA,NA,-1,-1,-1,-1,-1,-1,1,1,2,0,1,0,0,right field,hard,fly ball,0,0,NA,NA,NA,0,NA,FALSE,0,0,0,0,0,0,0,0,0,0,0,0,0,0
4514,Au_Langwo_FLOR_44,4261,FLOR_OMSS_0406201902,FLOR_OMSS_0406201902_PA11AWAY04,away,Langworthy,5,NA,NA,-1,-1,-1,-1,-1,-1,1,1,2,0,1,0,0,right field,hard,fly ball,0,0,NA,NA,NA,0,NA,FALSE,0,0,0,0,0,0,0,0,0,0,0,0,0,0
3640,Wi_Dalton_FLOR_16,4174,FLOR_OMSS_0406201902,FLOR_OMSS_0406201902_PA11AWAY06,away,Dalton,6,NA,NA,-1,-1,-1,-1,-1,-1,0,0,0,0,0,0,0,NA,NA,NA,0,0,NA,NA,NA,0,NA,FALSE,0,0,0,0,0,0,0,1,1,0,0,0,0,1
4515,Wi_Dalton_FLOR_16,4262,FLOR_OMSS_0406201902,FLOR_OMSS_0406201902_PA11AWAY06,away,Dalton,6,NA,NA,-1,-1,-1,-1,-1,-1,0,0,0,0,0,0,0,NA,NA,NA,0,0,NA,NA,NA,0,NA,FALSE,0,0,0,0,0,0,0,1,1,0,0,0,0,1
3641,Ju_Fabian_FLOR_04,4175,FLOR_OMSS_0406201902,FLOR_OMSS_0406201902_PA11AWAY08,away,Fabian,7,NA,NA,-1,-1,-1,-1,-1,-1,1,0,0,0,0,0,0,NA,NA,NA,0,1,to ss,soft,ground ball,0,NA,FALSE,0,0,0,0,0,0,0,0,0,0,0,0,0,0
4516,Ju_Fabian_FLOR_04,4263,FLOR_OMSS_0406201902,FLOR_OMSS_0406201902_PA11AWAY08,away,Fabian,7,NA,NA,-1,-1,-1,-1,-1,-1,1,0,0,0,0,0,0,NA,NA,NA,0,1,to ss,soft,ground ball,0,NA,FALSE,0,0,0,0,0,0,0,0,0,0,0,0,0,0
3642,Th_Dillar_OMSS_06,4176,FLOR_OMSS_0406201902,FLOR_OMSS_0406201902_PA12HOME01,home,Dillard,4,NA,NA,-1,-1,-1,-1,-1,-1,1,0,0,0,0,0,0,NA,NA,NA,0,1,to rf,medium,fly ball,0,NA,FALSE,0,0,0,0,0,0,0,0,0,0,0,0,0,0
4517,Th_Dillar_OMSS_06,4264,FLOR_OMSS_0406201902,FLOR_OMSS_0406201902_PA12HOME01,home,Dillard,4,NA,NA,-1,-1,-1,-1,-1,-1,1,0,0,0,0,0,0,NA,NA,NA,0,1,to rf,medium,fly ball,0,NA,FALSE,0,0,0,0,0,0,0,0,0,0,0,0,0,0
3643,Co_Zabows_OMSS_14,4177,FLOR_OMSS_0406201902,FLOR_OMSS_0406201902_PA12HOME02,home,Zabowski,5,NA,NA,-1,-1,-1,-1,-1,-1,1,1,1,1,0,0,0,right field,hard,fly ball,0,0,NA,NA,NA,0,NA,FALSE,0,0,0,0,0,0,0,0,0,0,0,0,0,0
4518,Co_Zabows_OMSS_14,4265,FLOR_OMSS_0406201902,FLOR_OMSS_0406201902_PA12HOME02,home,Zabowski,5,NA,NA,-1,-1,-1,-1,-1,-1,1,1,1,1,0,0,0,right field,hard,fly ball,0,0,NA,NA,NA,0,NA,FALSE,0,0,0,0,0,0,0,0,0,0,0,0,0,0
3644,Kn_Lopose_OMSS_04,4178,FLOR_OMSS_0406201902,FLOR_OMSS_0406201902_PA12HOME03,home,Loposer,6,NA,NA,-1,-1,-1,-1,-1,-1,1,0,0,0,0,0,0,NA,NA,NA,0,1,to lf,medium,fly ball,0,NA,FALSE,0,0,0,0,0,0,0,0,0,0,0,0,0,0
4519,Kn_Lopose_OMSS_04,4266,FLOR_OMSS_0406201902,FLOR_OMSS_0406201902_PA12HOME03,home,Loposer,6,NA,NA,-1,-1,-1,-1,-1,-1,1,0,0,0,0,0,0,NA,NA,NA,0,1,to lf,medium,fly ball,0,NA,FALSE,0,0,0,0,0,0,0,0,0,0,0,0,0,0
3645,Ke_Graham_OMSS_35,4179,FLOR_OMSS_0406201902,FLOR_OMSS_0406201902_PA12HOME04,home,Graham,7,NA,NA,-1,-1,-1,-1,-1,-1,1,1,1,1,0,0,0,left center,hard,line drive,0,0,NA,NA,NA,0,NA,FALSE,0,0,0,0,0,0,0,0,0,0,0,0,0,0
4520,Ke_Graham_OMSS_35,4267,FLOR_OMSS_0406201902,FLOR_OMSS_0406201902_PA12HOME04,home,Graham,7,NA,NA,-1,-1,-1,-1,-1,-1,1,1,1,1,0,0,0,left center,hard,line drive,0,0,NA,NA,NA,0,NA,FALSE,0,0,0,0,0,0,0,0,0,0,0,0,0,0
3646,Ch_Cockre_OMSS_11,4180,FLOR_OMSS_0406201902,FLOR_OMSS_0406201902_PA12HOME06,home,Cockrell,8,NA,NA,-1,-1,-1,-1,-1,-1,1,0,0,0,0,0,0,NA,NA,NA,0,1,to 3b,soft,ground ball,0,NA,FALSE,0,0,0,0,0,0,0,0,0,0,0,0,0,0
4521,Ch_Cockre_OMSS_11,4268,FLOR_OMSS_0406201902,FLOR_OMSS_0406201902_PA12HOME06,home,Cockrell,8,NA,NA,-1,-1,-1,-1,-1,-1,1,0,0,0,0,0,0,NA,NA,NA,0,1,to 3b,soft,ground ball,0,NA,FALSE,0,0,0,0,0,0,0,0,0,0,0,0,0,0
3647,Kr_Armstr_FLOR_34,4181,FLOR_OMSS_0406201902,FLOR_OMSS_0406201902_PA13AWAY01,away,Armstrong,8,NA,NA,-1,-1,-1,-1,-1,-1,1,0,0,0,0,0,0,NA,NA,NA,0,1,to cf,medium,fly ball,0,NA,FALSE,0,0,0,0,0,0,0,0,0,0,0,0,0,0
4522,Kr_Armstr_FLOR_34,4269,FLOR_OMSS_0406201902,FLOR_OMSS_0406201902_PA13AWAY01,away,Armstrong,8,NA,NA,-1,-1,-1,-1,-1,-1,1,0,0,0,0,0,0,NA,NA,NA,0,1,to cf,medium,fly ball,0,NA,FALSE,0,0,0,0,0,0,0,0,0,0,0,0,0,0
3648,Sa_Miozzi_FLOR_05,4182,FLOR_OMSS_0406201902,FLOR_OMSS_0406201902_PA13AWAY02,away,Miozzi,9,NA,NA,-1,-1,-1,-1,-1,-1,1,0,0,0,0,0,0,NA,NA,NA,0,1,to 3b,soft,ground ball,0,NA,FALSE,0,0,0,0,0,0,0,0,0,0,0,0,0,0
4523,Sa_Miozzi_FLOR_05,4270,FLOR_OMSS_0406201902,FLOR_OMSS_0406201902_PA13AWAY02,away,Miozzi,9,NA,NA,-1,-1,-1,-1,-1,-1,1,0,0,0,0,0,0,NA,NA,NA,0,1,to 3b,soft,ground ball,0,NA,FALSE,0,0,0,0,0,0,0,0,0,0,0,0,0,0
3649,Br_Mcconn_FLOR_13,4183,FLOR_OMSS_0406201902,FLOR_OMSS_0406201902_PA13AWAY03,away,Mcconnell,1,NA,NA,-1,-1,-1,-1,-1,-1,1,1,1,1,0,0,0,left field,hard,fly ball,0,0,NA,NA,NA,0,NA,FALSE,0,0,0,0,0,0,0,0,0,0,0,0,0,0
4524,Br_Mcconn_FLOR_13,4271,FLOR_OMSS_0406201902,FLOR_OMSS_0406201902_PA13AWAY03,away,Mcconnell,1,NA,NA,-1,-1,-1,-1,-1,-1,1,1,1,1,0,0,0,left field,hard,fly ball,0,0,NA,NA,NA,0,NA,FALSE,0,0,0,0,0,0,0,0,0,0,0,0,0,0
3650,An_Servid_OMSS_03,4184,FLOR_OMSS_0406201902,FLOR_OMSS_0406201902_PA14HOME03,home,Servideo,9,NA,NA,-1,-1,-1,-1,-1,-1,1,1,3,0,0,1,0,right center,hard,line drive,0,0,NA,NA,NA,0,NA,FALSE,0,0,0,0,0,0,0,0,0,0,0,0,0,0
4525,An_Servid_OMSS_03,4272,FLOR_OMSS_0406201902,FLOR_OMSS_0406201902_PA14HOME03,home,Servideo,9,NA,NA,-1,-1,-1,-1,-1,-1,1,1,3,0,0,1,0,right center,hard,line drive,0,0,NA,NA,NA,0,NA,FALSE,0,0,0,0,0,0,0,0,0,0,0,0,0,0
3651,Ry_Olenek_OMSS_02,4185,FLOR_OMSS_0406201902,FLOR_OMSS_0406201902_PA14HOME05,home,Olenek,1,NA,NA,-1,-1,-1,-1,-1,-1,1,1,2,0,1,0,0,left center,hard,line drive,0,0,NA,NA,NA,0,NA,FALSE,0,0,0,0,0,0,0,0,0,0,0,0,0,0
4526,Ry_Olenek_OMSS_02,4273,FLOR_OMSS_0406201902,FLOR_OMSS_0406201902_PA14HOME05,home,Olenek,1,NA,NA,-1,-1,-1,-1,-1,-1,1,1,2,0,1,0,0,left center,hard,line drive,0,0,NA,NA,NA,0,NA,FALSE,0,0,0,0,0,0,0,0,0,0,0,0,0,0
3652,Gr_Kessin_OMSS_15,4186,FLOR_OMSS_0406201902,FLOR_OMSS_0406201902_PA14HOME07,home,Kessinger,2,NA,NA,-1,-1,-1,-1,-1,-1,1,0,0,0,0,0,0,NA,NA,NA,0,1,to 2b,soft,ground ball,0,NA,FALSE,0,0,0,0,0,0,0,0,0,0,0,0,0,0
4527,Gr_Kessin_OMSS_15,4274,FLOR_OMSS_0406201902,FLOR_OMSS_0406201902_PA14HOME07,home,Kessinger,2,NA,NA,-1,-1,-1,-1,-1,-1,1,0,0,0,0,0,0,NA,NA,NA,0,1,to 2b,soft,ground ball,0,NA,FALSE,0,0,0,0,0,0,0,0,0,0,0,0,0,0
3653,Ty_Keenan_OMSS_10,4187,FLOR_OMSS_0406201902,FLOR_OMSS_0406201902_PA14HOME08,home,Keenan,3,NA,NA,-1,-1,-1,-1,-1,-1,1,0,0,0,0,0,0,NA,NA,NA,0,0,NA,NA,NA,0,NA,TRUE,0,1,0,0,0,0,0,0,0,0,0,0,0,0
4528,Ty_Keenan_OMSS_10,4275,FLOR_OMSS_0406201902,FLOR_OMSS_0406201902_PA14HOME08,home,Keenan,3,NA,NA,-1,-1,-1,-1,-1,-1,1,0,0,0,0,0,0,NA,NA,NA,0,0,NA,NA,NA,0,NA,TRUE,0,1,0,0,0,0,0,0,0,0,0,0,0,0
3654,Th_Dillar_OMSS_06,4188,FLOR_OMSS_0406201902,FLOR_OMSS_0406201902_PA14HOME10,home,Dillard,4,NA,NA,-1,-1,-1,-1,-1,-1,0,0,0,0,0,0,0,NA,NA,NA,0,0,NA,NA,NA,0,NA,FALSE,0,0,0,0,0,0,0,1,0,1,0,0,0,1
4529,Th_Dillar_OMSS_06,4276,FLOR_OMSS_0406201902,FLOR_OMSS_0406201902_PA14HOME10,home,Dillard,4,NA,NA,-1,-1,-1,-1,-1,-1,0,0,0,0,0,0,0,NA,NA,NA,0,0,NA,NA,NA,0,NA,FALSE,0,0,0,0,0,0,0,1,0,1,0,0,0,1
3655,Co_Acton0_FLOR_22,4189,FLOR_OMSS_0406201902,FLOR_OMSS_0406201902_PA15AWAY02,away,Acton,2,NA,NA,-1,-1,-1,-1,-1,-1,0,0,0,0,0,0,0,NA,NA,NA,0,0,NA,NA,NA,0,NA,FALSE,0,0,0,0,0,0,0,0,0,0,0,0,0,0
4530,Co_Acton0_FLOR_22,4277,FLOR_OMSS_0406201902,FLOR_OMSS_0406201902_PA15AWAY02,away,Acton,2,NA,NA,-1,-1,-1,-1,-1,-1,0,0,0,0,0,0,0,NA,NA,NA,0,0,NA,NA,NA,0,NA,FALSE,0,0,0,0,0,0,0,0,0,0,0,0,0,0
3656,Ne_Maldon_FLOR_27,4190,FLOR_OMSS_0406201902,FLOR_OMSS_0406201902_PA15AWAY04,away,Maldonado,3,NA,NA,-1,-1,-1,-1,-1,-1,1,0,0,0,0,0,0,NA,NA,NA,0,1,to lf,medium,fly ball,0,NA,FALSE,0,0,0,0,0,0,0,0,0,0,0,0,0,0
4531,Ne_Maldon_FLOR_27,4278,FLOR_OMSS_0406201902,FLOR_OMSS_0406201902_PA15AWAY04,away,Maldonado,3,NA,NA,-1,-1,-1,-1,-1,-1,1,0,0,0,0,0,0,NA,NA,NA,0,1,to lf,medium,fly ball,0,NA,FALSE,0,0,0,0,0,0,0,0,0,0,0,0,0,0
3657,Ke_Calila_FLOR_06,4191,FLOR_OMSS_0406201902,FLOR_OMSS_0406201902_PA15AWAY05,away,Calilao,4,NA,NA,-1,-1,-1,-1,-1,-1,0,0,1,0,0,0,0,NA,NA,NA,0,0,NA,NA,NA,0,NA,FALSE,0,0,0,0,1,0,1,0,0,0,0,0,0,1
4532,Ke_Calila_FLOR_06,4279,FLOR_OMSS_0406201902,FLOR_OMSS_0406201902_PA15AWAY05,away,Calilao,4,NA,NA,-1,-1,-1,-1,-1,-1,0,0,1,0,0,0,0,NA,NA,NA,0,0,NA,NA,NA,0,NA,FALSE,0,0,0,0,1,0,1,0,0,0,0,0,0,1
3658,Au_Langwo_FLOR_44,4192,FLOR_OMSS_0406201902,FLOR_OMSS_0406201902_PA15AWAY06,away,Langworthy,5,NA,NA,-1,-1,-1,-1,-1,-1,1,0,0,0,0,0,0,NA,NA,NA,0,0,NA,NA,NA,0,NA,TRUE,0,1,0,0,0,0,0,0,0,0,0,0,0,0
4533,Au_Langwo_FLOR_44,4280,FLOR_OMSS_0406201902,FLOR_OMSS_0406201902_PA15AWAY06,away,Langworthy,5,NA,NA,-1,-1,-1,-1,-1,-1,1,0,0,0,0,0,0,NA,NA,NA,0,0,NA,NA,NA,0,NA,TRUE,0,1,0,0,0,0,0,0,0,0,0,0,0,0
3659,Wi_Dalton_FLOR_16,4193,FLOR_OMSS_0406201902,FLOR_OMSS_0406201902_PA15AWAY07,away,Dalton,6,NA,NA,-1,-1,-1,-1,-1,-1,1,0,0,0,0,0,0,NA,NA,NA,0,1,to rf,medium,fly ball,0,NA,FALSE,0,0,0,0,0,0,0,0,0,0,0,0,0,0
4534,Wi_Dalton_FLOR_16,4281,FLOR_OMSS_0406201902,FLOR_OMSS_0406201902_PA15AWAY07,away,Dalton,6,NA,NA,-1,-1,-1,-1,-1,-1,1,0,0,0,0,0,0,NA,NA,NA,0,1,to rf,medium,fly ball,0,NA,FALSE,0,0,0,0,0,0,0,0,0,0,0,0,0,0
3660,Co_Zabows_OMSS_14,4194,FLOR_OMSS_0406201902,FLOR_OMSS_0406201902_PA16HOME03,home,Zabowski,5,NA,NA,-1,-1,-1,-1,-1,-1,1,0,0,0,0,0,0,NA,NA,NA,0,0,NA,NA,NA,0,NA,TRUE,1,0,0,0,0,0,0,0,0,0,0,0,0,0
4535,Co_Zabows_OMSS_14,4282,FLOR_OMSS_0406201902,FLOR_OMSS_0406201902_PA16HOME03,home,Zabowski,5,NA,NA,-1,-1,-1,-1,-1,-1,1,0,0,0,0,0,0,NA,NA,NA,0,0,NA,NA,NA,0,NA,TRUE,1,0,0,0,0,0,0,0,0,0,0,0,0,0
3661,Kn_Lopose_OMSS_04,4195,FLOR_OMSS_0406201902,FLOR_OMSS_0406201902_PA16HOME04,home,Loposer,6,NA,NA,-1,-1,-1,-1,-1,-1,1,0,0,0,0,0,0,NA,NA,NA,0,1,to lf,medium,fly ball,0,NA,FALSE,0,0,0,0,0,0,0,0,0,0,0,0,0,0
4536,Kn_Lopose_OMSS_04,4283,FLOR_OMSS_0406201902,FLOR_OMSS_0406201902_PA16HOME04,home,Loposer,6,NA,NA,-1,-1,-1,-1,-1,-1,1,0,0,0,0,0,0,NA,NA,NA,0,1,to lf,medium,fly ball,0,NA,FALSE,0,0,0,0,0,0,0,0,0,0,0,0,0,0
3662,Ke_Graham_OMSS_35,4196,FLOR_OMSS_0406201902,FLOR_OMSS_0406201902_PA16HOME05,home,Graham,7,NA,NA,-1,-1,-1,-1,-1,-1,1,0,0,0,0,0,0,NA,NA,NA,0,1,to 1b,soft,ground ball,0,64,FALSE,0,0,0,0,0,0,0,0,0,0,0,0,0,0
4537,Ke_Graham_OMSS_35,4284,FLOR_OMSS_0406201902,FLOR_OMSS_0406201902_PA16HOME05,home,Graham,7,NA,NA,-1,-1,-1,-1,-1,-1,1,0,0,0,0,0,0,NA,NA,NA,0,1,to 1b,soft,ground ball,0,64,FALSE,0,0,0,0,0,0,0,0,0,0,0,0,0,0
3663,Ju_Fabian_FLOR_04,4197,FLOR_OMSS_0406201902,FLOR_OMSS_0406201902_PA17AWAY04,away,Fabian,7,NA,NA,-1,-1,-1,-1,-1,-1,1,0,0,0,0,0,0,NA,NA,NA,0,1,to 2b,soft,ground ball,0,NA,FALSE,0,0,0,0,0,0,0,0,0,0,0,0,0,0
4538,Ju_Fabian_FLOR_04,4285,FLOR_OMSS_0406201902,FLOR_OMSS_0406201902_PA17AWAY04,away,Fabian,7,NA,NA,-1,-1,-1,-1,-1,-1,1,0,0,0,0,0,0,NA,NA,NA,0,1,to 2b,soft,ground ball,0,NA,FALSE,0,0,0,0,0,0,0,0,0,0,0,0,0,0
3664,Bl_Reese0_FLOR_12,4198,FLOR_OMSS_0406201902,FLOR_OMSS_0406201902_PA17AWAY05,away,Reese,8,NA,NA,-1,-1,-1,-1,-1,-1,0,0,0,0,0,0,0,NA,NA,NA,0,0,NA,NA,NA,0,NA,FALSE,0,0,0,0,0,0,0,1,0,1,0,0,0,1
4539,Bl_Reese0_FLOR_12,4286,FLOR_OMSS_0406201902,FLOR_OMSS_0406201902_PA17AWAY05,away,Reese,8,NA,NA,-1,-1,-1,-1,-1,-1,0,0,0,0,0,0,0,NA,NA,NA,0,0,NA,NA,NA,0,NA,FALSE,0,0,0,0,0,0,0,1,0,1,0,0,0,1
4434,Jo_Butler_FLOR_15,4199,FLOR_OMSS_0406201902,FLOR_OMSS_0406201902_PA17AWAY07,away,Butler,9,NA,NA,-1,-1,-1,-1,-1,-1,1,0,0,0,0,0,0,NA,NA,NA,0,1,to 3b,soft,ground ball,0,NA,FALSE,0,0,0,0,0,0,0,0,0,0,0,0,0,0
4540,Jo_Butler_FLOR_15,4287,FLOR_OMSS_0406201902,FLOR_OMSS_0406201902_PA17AWAY07,away,Butler,9,NA,NA,-1,-1,-1,-1,-1,-1,1,0,0,0,0,0,0,NA,NA,NA,0,1,to 3b,soft,ground ball,0,NA,FALSE,0,0,0,0,0,0,0,0,0,0,0,0,0,0
2803,Gr_Warner_AUBN_26,4605,GEOR_AUBN_0510201901,GEOR_AUBN_0510201901_PA18HOME03,home,Warner,4,1,2,-1,-1,-1,-1,-1,-1,0,0,0,0,0,0,0,NA,NA,NA,0,0,NA,NA,NA,0,NA,FALSE,0,0,0,0,0,0,0,1,1,0,0,0,0,1
2804,De_Warner_AUBN_03,4605,GEOR_AUBN_0510201901,GEOR_AUBN_0510201901_PA18HOME03,home,Warner,4,1,2,-1,-1,-1,-1,-1,-1,0,0,0,0,0,0,0,NA,NA,NA,0,0,NA,NA,NA,0,NA,FALSE,0,0,0,0,0,0,0,1,1,0,0,0,0,1
4561,CJ_Smith0_GEOR_05,5382,GEOR_SCAR_0317201901,GEOR_SCAR_0317201901_PA13AWAY02,away,Smith,8,NA,NA,-1,-1,-1,-1,-1,-1,1,0,0,0,0,0,0,NA,NA,NA,0,1,to 3b,foul,fly ball,0,NA,FALSE,0,0,0,0,0,0,0,0,0,0,0,0,0,0
4562,Ha_Smith0_SCAR_16,5382,GEOR_SCAR_0317201901,GEOR_SCAR_0317201901_PA13AWAY02,away,Smith,8,NA,NA,-1,-1,-1,-1,-1,-1,1,0,0,0,0,0,0,NA,NA,NA,0,1,to 3b,foul,fly ball,0,NA,FALSE,0,0,0,0,0,0,0,0,0,0,0,0,0,0
4563,Ke_Smith0_GEOR_15,5382,GEOR_SCAR_0317201901,GEOR_SCAR_0317201901_PA13AWAY02,away,Smith,8,NA,NA,-1,-1,-1,-1,-1,-1,1,0,0,0,0,0,0,NA,NA,NA,0,1,to 3b,foul,fly ball,0,NA,FALSE,0,0,0,0,0,0,0,0,0,0,0,0,0,0
8466,Au_James0_MIZZ_23,7620,LSTU_MIZZ_0412201901,LSTU_MIZZ_0412201901_PA02HOME12,home,James,7,1,2,-1,-1,-1,-1,-1,-1,1,1,1,1,0,0,0,shortstop,soft,ground ball,1,0,NA,NA,NA,0,NA,FALSE,0,0,0,0,0,0,0,0,0,0,0,0,0,0
8467,Au_James0_MIZZ_23,7229,LSTU_MIZZ_0412201901,LSTU_MIZZ_0412201901_PA02HOME12,home,James,7,1,2,-1,-1,-1,-1,-1,-1,1,1,1,1,0,0,0,shortstop,soft,ground ball,1,0,NA,NA,NA,0,NA,FALSE,0,0,0,0,0,0,0,0,0,0,0,0,0,0
6607,Ky_Gray00_AUBN_36,7893,MIZZ_TENN_0503201901,MIZZ_TENN_0503201901_PA14HOME05,home,Gray,9,1,0,-1,-1,-1,-1,-1,-1,1,0,0,0,0,0,0,NA,NA,NA,0,0,NA,NA,NA,0,NA,TRUE,0,1,0,0,0,0,0,0,0,0,0,0,0,0
6608,La_Gray00_TENN_19,7893,MIZZ_TENN_0503201901,MIZZ_TENN_0503201901_PA14HOME05,home,Gray,9,1,0,-1,-1,-1,-1,-1,-1,1,0,0,0,0,0,0,NA,NA,NA,0,0,NA,NA,NA,0,NA,TRUE,0,1,0,0,0,0,0,0,0,0,0,0,0,0
6816,Ky_Gray00_AUBN_36,7906,MIZZ_TENN_0503201901,MIZZ_TENN_0503201901_PA16HOME12,home,Gray,9,0,2,-1,-1,-1,-1,-1,-1,0,0,0,0,0,0,0,NA,NA,NA,0,0,NA,NA,NA,0,NA,FALSE,0,0,0,0,0,0,0,1,1,0,0,0,0,1
6817,La_Gray00_TENN_19,7906,MIZZ_TENN_0503201901,MIZZ_TENN_0503201901_PA16HOME12,home,Gray,9,0,2,-1,-1,-1,-1,-1,-1,0,0,0,0,0,0,0,NA,NA,NA,0,0,NA,NA,NA,0,NA,FALSE,0,0,0,0,0,0,0,1,1,0,0,0,0,1
6836,Ky_Gray00_AUBN_36,7925,MIZZ_TENN_0504201901,MIZZ_TENN_0504201901_PA04HOME04,home,Gray,8,0,1,-1,-1,-1,-1,-1,-1,1,0,0,0,0,0,0,NA,NA,NA,0,1,to 1b,hard,line drive,0,NA,FALSE,0,0,0,0,0,0,0,0,0,0,0,0,0,0
6837,La_Gray00_TENN_19,7925,MIZZ_TENN_0504201901,MIZZ_TENN_0504201901_PA04HOME04,home,Gray,8,0,1,-1,-1,-1,-1,-1,-1,1,0,0,0,0,0,0,NA,NA,NA,0,1,to 1b,hard,line drive,0,NA,FALSE,0,0,0,0,0,0,0,0,0,0,0,0,0,0
6859,Ky_Gray00_AUBN_36,7947,MIZZ_TENN_0504201901,MIZZ_TENN_0504201901_PA10HOME01,home,Gray,8,3,2,-1,-1,-1,-1,-1,-1,1,0,0,0,0,0,0,NA,NA,NA,0,1,to ss,soft,fly ball,0,NA,FALSE,0,0,0,0,0,0,0,0,0,0,0,0,0,0
6860,La_Gray00_TENN_19,7947,MIZZ_TENN_0504201901,MIZZ_TENN_0504201901_PA10HOME01,home,Gray,8,3,2,-1,-1,-1,-1,-1,-1,1,0,0,0,0,0,0,NA,NA,NA,0,1,to ss,soft,fly ball,0,NA,FALSE,0,0,0,0,0,0,0,0,0,0,0,0,0,0
6902,Co_Daniel_KENT_35,7989,MIZZ_TENN_0504201901,MIZZ_TENN_0504201901_PA18HOME04,home,Daniels,2,1,2,-1,-1,-1,-1,-1,-1,1,0,0,0,0,0,0,NA,NA,NA,0,1,to 1b,foul,fly ball,0,NA,FALSE,0,0,0,0,0,0,0,0,0,0,0,0,0,0
6903,Za_Daniel_TENN_05,7989,MIZZ_TENN_0504201901,MIZZ_TENN_0504201901_PA18HOME04,home,Daniels,2,1,2,-1,-1,-1,-1,-1,-1,1,0,0,0,0,0,0,NA,NA,NA,0,1,to 1b,foul,fly ball,0,NA,FALSE,0,0,0,0,0,0,0,0,0,0,0,0,0,0
7422,Tr_Morris_MIZZ_05,8283,MIZZ_TXAM_0331201901,MIZZ_TXAM_0331201901_PA04HOME04,home,Morris,7,0,1,-1,-1,-1,-1,-1,-1,1,1,1,1,0,0,0,left field,hard,fly ball,0,0,NA,NA,NA,0,NA,FALSE,0,0,0,0,0,0,0,0,0,0,0,0,0,0
7423,Ch_Morris_TXAM_13,8283,MIZZ_TXAM_0331201901,MIZZ_TXAM_0331201901_PA04HOME04,home,Morris,7,0,1,-1,-1,-1,-1,-1,-1,1,1,1,1,0,0,0,left field,hard,fly ball,0,0,NA,NA,NA,0,NA,FALSE,0,0,0,0,0,0,0,0,0,0,0,0,0,0
7441,Tr_Morris_MIZZ_05,8301,MIZZ_TXAM_0331201901,MIZZ_TXAM_0331201901_PA08HOME06,home,Morris,7,0,0,-1,-1,-1,-1,-1,-1,0,0,0,0,0,0,0,NA,NA,NA,0,0,NA,NA,NA,0,NA,FALSE,0,0,0,0,0,0,0,0,0,0,0,0,0,0
7442,Ch_Morris_TXAM_13,8301,MIZZ_TXAM_0331201901,MIZZ_TXAM_0331201901_PA08HOME06,home,Morris,7,0,0,-1,-1,-1,-1,-1,-1,0,0,0,0,0,0,0,NA,NA,NA,0,0,NA,NA,NA,0,NA,FALSE,0,0,0,0,0,0,0,0,0,0,0,0,0,0
7461,Tr_Morris_MIZZ_05,8320,MIZZ_TXAM_0331201901,MIZZ_TXAM_0331201901_PA12HOME05,home,Morris,7,2,2,-1,-1,-1,-1,-1,-1,0,0,0,0,0,0,0,NA,NA,NA,0,0,NA,NA,NA,0,NA,FALSE,0,0,0,0,0,0,0,1,1,0,0,0,0,1
7462,Ch_Morris_TXAM_13,8320,MIZZ_TXAM_0331201901,MIZZ_TXAM_0331201901_PA12HOME05,home,Morris,7,2,2,-1,-1,-1,-1,-1,-1,0,0,0,0,0,0,0,NA,NA,NA,0,0,NA,NA,NA,0,NA,FALSE,0,0,0,0,0,0,0,1,1,0,0,0,0,1
7484,Tr_Morris_MIZZ_05,8342,MIZZ_TXAM_0331201901,MIZZ_TXAM_0331201901_PA18HOME03,home,Morris,7,3,1,-1,-1,-1,-1,-1,-1,0,0,1,0,0,0,0,NA,NA,NA,0,0,NA,NA,NA,0,NA,FALSE,0,0,0,0,1,0,1,0,0,0,0,0,0,1
7485,Ch_Morris_TXAM_13,8342,MIZZ_TXAM_0331201901,MIZZ_TXAM_0331201901_PA18HOME03,home,Morris,7,3,1,-1,-1,-1,-1,-1,-1,0,0,1,0,0,0,0,NA,NA,NA,0,0,NA,NA,NA,0,NA,FALSE,0,0,0,0,1,0,1,0,0,0,0,0,0,1
8609,Ki_Mcmull_FLOR_52,8882,MSST_FLOR_0315201901,MSST_FLOR_0315201901_PA18HOME09,home,Mcmullen,1,1,2,-1,-1,-1,-1,-1,-1,1,0,0,0,0,0,0,NA,NA,NA,0,1,to rf,medium,fly ball,0,NA,FALSE,0,0,0,1,0,0,0,0,0,0,0,0,0,0
8610,Hu_Mcmull_FLOR_25,8882,MSST_FLOR_0315201901,MSST_FLOR_0315201901_PA18HOME09,home,Mcmullen,1,1,2,-1,-1,-1,-1,-1,-1,1,0,0,0,0,0,0,NA,NA,NA,0,1,to rf,medium,fly ball,0,NA,FALSE,0,0,0,1,0,0,0,0,0,0,0,0,0,0
9210,Co_Daniel_KENT_35,9562,MSST_TENN_0407201901,MSST_TENN_0407201901_PA12HOME03,home,Daniels,5,1,0,-1,-1,-1,-1,-1,-1,1,1,4,0,0,0,1,left field,hard,fly ball,0,0,NA,NA,NA,0,NA,FALSE,0,0,0,0,0,0,0,0,0,0,0,0,0,1
9211,Za_Daniel_TENN_05,9562,MSST_TENN_0407201901,MSST_TENN_0407201901_PA12HOME03,home,Daniels,5,1,0,-1,-1,-1,-1,-1,-1,1,1,4,0,0,0,1,left field,hard,fly ball,0,0,NA,NA,NA,0,NA,FALSE,0,0,0,0,0,0,0,0,0,0,0,0,0,1
9224,Co_Daniel_KENT_35,9575,MSST_TENN_0407201901,MSST_TENN_0407201901_PA14HOME07,home,Daniels,5,2,2,-1,-1,-1,-1,-1,-1,1,0,0,0,0,0,0,NA,NA,NA,0,1,to 2b,soft,ground ball,0,NA,FALSE,0,0,0,0,0,0,0,0,0,0,0,0,0,0
9225,Za_Daniel_TENN_05,9575,MSST_TENN_0407201901,MSST_TENN_0407201901_PA14HOME07,home,Daniels,5,2,2,-1,-1,-1,-1,-1,-1,1,0,0,0,0,0,0,NA,NA,NA,0,1,to 2b,soft,ground ball,0,NA,FALSE,0,0,0,0,0,0,0,0,0,0,0,0,0,0
11735,Co_Daniel_KENT_35,12089,TENN_ARKS_0428201901,TENN_ARKS_0428201901_PA13AWAY05,away,Daniels,6,3,2,-1,-1,-1,-1,-1,-1,0,0,0,0,0,0,0,NA,NA,NA,0,0,NA,NA,NA,0,NA,FALSE,0,0,0,0,0,0,0,1,0,1,0,0,0,1
11736,Za_Daniel_TENN_05,12089,TENN_ARKS_0428201901,TENN_ARKS_0428201901_PA13AWAY05,away,Daniels,6,3,2,-1,-1,-1,-1,-1,-1,0,0,0,0,0,0,0,NA,NA,NA,0,0,NA,NA,NA,0,NA,FALSE,0,0,0,0,0,0,0,1,0,1,0,0,0,1
11754,Co_Daniel_KENT_35,12107,TENN_ARKS_0428201901,TENN_ARKS_0428201901_PA17AWAY03,away,Daniels,6,0,1,-1,-1,-1,-1,-1,-1,1,0,0,0,0,0,0,NA,NA,NA,0,1,to 1b,soft,ground ball,0,64,FALSE,0,0,0,0,0,0,0,0,0,0,0,0,0,0
11755,Za_Daniel_TENN_05,12107,TENN_ARKS_0428201901,TENN_ARKS_0428201901_PA17AWAY03,away,Daniels,6,0,1,-1,-1,-1,-1,-1,-1,1,0,0,0,0,0,0,NA,NA,NA,0,1,to 1b,soft,ground ball,0,64,FALSE,0,0,0,0,0,0,0,0,0,0,0,0,0,0
12250,Ry_Johnso_KENT_28,12602,TENN_KENT_0418201901,TENN_KENT_0418201901_PA06HOME02,home,Johnson,8,NA,NA,-1,-1,-1,-1,-1,-1,1,0,0,0,0,0,0,NA,NA,NA,0,1,to p,soft,ground ball,0,NA,FALSE,0,0,1,0,0,0,0,0,0,0,0,0,0,0
12251,Ry_Johnso_VAND_31,12602,TENN_KENT_0418201901,TENN_KENT_0418201901_PA06HOME02,home,Johnson,8,NA,NA,-1,-1,-1,-1,-1,-1,1,0,0,0,0,0,0,NA,NA,NA,0,1,to p,soft,ground ball,0,NA,FALSE,0,0,1,0,0,0,0,0,0,0,0,0,0,0
12267,Ry_Johnso_KENT_28,12618,TENN_KENT_0418201901,TENN_KENT_0418201901_PA10HOME03,home,Johnson,8,NA,NA,-1,-1,-1,-1,-1,-1,1,1,1,1,0,0,0,left field,hard,fly ball,0,0,NA,NA,NA,0,NA,FALSE,0,0,0,0,0,0,0,0,0,0,0,0,0,0
12268,Ry_Johnso_VAND_31,12618,TENN_KENT_0418201901,TENN_KENT_0418201901_PA10HOME03,home,Johnson,8,NA,NA,-1,-1,-1,-1,-1,-1,1,1,1,1,0,0,0,left field,hard,fly ball,0,0,NA,NA,NA,0,NA,FALSE,0,0,0,0,0,0,0,0,0,0,0,0,0,0
12390,Ry_Johnso_KENT_28,12740,TENN_KENT_0419201901,TENN_KENT_0419201901_PA18HOME07,home,Johnson,6,3,2,-1,-1,-1,-1,-1,-1,0,0,1,0,0,0,0,NA,NA,NA,0,0,NA,NA,NA,0,NA,FALSE,0,0,0,0,1,0,1,0,0,0,0,0,0,1
12391,Ry_Johnso_VAND_31,12740,TENN_KENT_0419201901,TENN_KENT_0419201901_PA18HOME07,home,Johnson,6,3,2,-1,-1,-1,-1,-1,-1,0,0,1,0,0,0,0,NA,NA,NA,0,0,NA,NA,NA,0,NA,FALSE,0,0,0,0,1,0,1,0,0,0,0,0,0,1
12398,Ry_Johnso_KENT_28,12747,TENN_KENT_0420201901,TENN_KENT_0420201901_PA02HOME01,home,Johnson,1,1,2,-1,-1,-1,-1,-1,-1,1,1,1,1,0,0,0,second base,medium,ground ball,1,0,NA,NA,NA,0,NA,FALSE,0,0,0,0,0,0,0,0,0,0,0,0,0,0
12399,Ry_Johnso_VAND_31,12747,TENN_KENT_0420201901,TENN_KENT_0420201901_PA02HOME01,home,Johnson,1,1,2,-1,-1,-1,-1,-1,-1,1,1,1,1,0,0,0,second base,medium,ground ball,1,0,NA,NA,NA,0,NA,FALSE,0,0,0,0,0,0,0,0,0,0,0,0,0,0
12415,Ry_Johnso_KENT_28,12763,TENN_KENT_0420201901,TENN_KENT_0420201901_PA06HOME03,home,Johnson,1,0,0,-1,-1,-1,-1,-1,-1,1,0,0,0,0,0,0,NA,NA,NA,0,1,to 3b,foul,fly ball,0,NA,FALSE,0,0,0,0,0,0,0,0,0,0,0,0,0,0
12416,Ry_Johnso_VAND_31,12763,TENN_KENT_0420201901,TENN_KENT_0420201901_PA06HOME03,home,Johnson,1,0,0,-1,-1,-1,-1,-1,-1,1,0,0,0,0,0,0,NA,NA,NA,0,1,to 3b,foul,fly ball,0,NA,FALSE,0,0,0,0,0,0,0,0,0,0,0,0,0,0
12440,Ry_Johnso_KENT_28,12787,TENN_KENT_0420201901,TENN_KENT_0420201901_PA12HOME04,home,Johnson,1,1,0,-1,-1,-1,-1,-1,-1,1,0,0,0,0,0,0,NA,NA,NA,0,1,to 2b,soft,ground ball,0,NA,FALSE,0,0,0,0,0,0,0,0,0,0,0,0,0,0
12441,Ry_Johnso_VAND_31,12787,TENN_KENT_0420201901,TENN_KENT_0420201901_PA12HOME04,home,Johnson,1,1,0,-1,-1,-1,-1,-1,-1,1,0,0,0,0,0,0,NA,NA,NA,0,1,to 2b,soft,ground ball,0,NA,FALSE,0,0,0,0,0,0,0,0,0,0,0,0,0,0
12462,Ry_Johnso_KENT_28,12808,TENN_KENT_0420201901,TENN_KENT_0420201901_PA16HOME04,home,Johnson,1,1,0,-1,-1,-1,-1,-1,-1,1,0,0,0,0,0,0,NA,NA,NA,0,0,NA,NA,NA,0,NA,TRUE,0,1,0,0,0,0,0,0,0,0,0,0,0,0
12463,Ry_Johnso_VAND_31,12808,TENN_KENT_0420201901,TENN_KENT_0420201901_PA16HOME04,home,Johnson,1,1,0,-1,-1,-1,-1,-1,-1,1,0,0,0,0,0,0,NA,NA,NA,0,0,NA,NA,NA,0,NA,TRUE,0,1,0,0,0,0,0,0,0,0,0,0,0,0
12619,Co_Daniel_KENT_35,12963,TENN_VAND_0330201901,TENN_VAND_0330201901_PA15AWAY05,away,Daniels,7,0,2,-1,-1,-1,-1,-1,-1,0,0,0,0,0,0,0,NA,NA,NA,0,0,NA,NA,NA,0,NA,FALSE,0,0,0,0,0,0,0,1,0,1,0,0,0,1
12620,Za_Daniel_TENN_05,12963,TENN_VAND_0330201901,TENN_VAND_0330201901_PA15AWAY05,away,Daniels,7,0,2,-1,-1,-1,-1,-1,-1,0,0,0,0,0,0,0,NA,NA,NA,0,0,NA,NA,NA,0,NA,FALSE,0,0,0,0,0,0,0,1,0,1,0,0,0,1
